"method","scalar","status","rank_rhat","folded_rhat","bulk_ess","tail_ess"
"graphMoDE-C","log_likelihood","failed",1.27176047528741,1.25813540564378,11.6466360110976,11.6091372307368
"graphMoDE-C","Kocc","failed",1.80624457937442,1.80624457937442,6.12685041974598,NA
"graphMoDE-C","proportion_1","uninformative-constant-discrete",NA,NA,NA,NA
"graphMoDE-C","proportion_2","uninformative-constant-discrete",NA,NA,NA,NA
"graphMoDE-C","proportion_3","uninformative-constant-discrete",NA,NA,NA,NA
"graphMoDE-C","proportion_4","uninformative-constant-discrete",NA,NA,NA,NA
"graphMoDE-C","proportion_5","uninformative-constant-discrete",NA,NA,NA,NA
"graphMoDE-C","proportion_6","failed",1.82196582793213,1.82196582793213,6.08034798080704,NA
"graphMoDE-C","proportion_7","failed",2.37796719657073,2.37796719657073,5.09004633949156,NA
"graphMoDE-C","proportion_8","failed",1.30849152374421,1.30849152374421,11.057694933997,NA
"graphMoDE-C","proportion_9","uninformative-constant-discrete",NA,NA,NA,NA
"graphMoDE-C","proportion_10","failed",1.30811390486674,1.30811390486674,11.0535607444326,11.0599300910149
"graphMoDE-C","guidance_1","passed",1.00167212895413,1.00417777205582,415.639814405782,937.483718408951
"graphMoDE-C","guidance_2","passed",1.00666820690239,1.00482759344538,421.171811450575,1031.94795417727
"graphMoDE-C","guidance_3","failed",1.02006228392608,1.002901182976,272.595273567734,835.783868715084
"graphMoDE-C","guidance_4","failed",1.02296432289401,1.00719467715229,229.811814059768,1029.3503016045
"graphMoDE-C","guidance_5","failed",1.03154449717802,1.00708852356626,149.593245846473,873.066190336906
"graphMoDE-C","guidance_6","failed",1.03360506153953,1.01199377210052,121.721859908849,278.171379612664
"graphMoDE-C","guidance_7","failed",1.02603727092212,1.00714893263191,214.939351660879,789.307104551446
"graphMoDE-C","guidance_8","failed",1.0212990225161,1.00240997289758,257.722156020133,805.644202462252
"graphMoDE-C","guidance_9","failed",1.01389134396051,1.00325541880105,331.970768523905,700.921625524329
"graphMoDE-C","guidance_10","passed",1.00162307086987,1.00782984848814,509.061194926706,625.463085996033
"graphMoDE-C","unit_log_mean_1_t1","failed",1.3122496448797,1.29641042359177,10.1701134887999,31.8055949500927
"graphMoDE-C","unit_log_mean_31_t1","failed",1.0144476887247,1.00939324229508,470.20884939971,453.427500438134
"graphMoDE-C","unit_log_mean_61_t1","failed",1.05522338086607,1.0625974844407,55.2685948791435,11.602552111552
"graphMoDE-C","unit_log_mean_91_t1","failed",1.04693789518886,1.05915061243637,63.5370159505725,11.3920244581186
"graphMoDE-C","unit_log_mean_121_t1","failed",1.36878079050771,1.31998493568924,9.073417623391,33.9332180061755
"graphMoDE-C","unit_log_mean_1_t84","failed",1.33044854303549,1.29038319185801,9.81611031262446,38.6413314803571
"graphMoDE-C","unit_log_mean_31_t84","passed",1.00351480929398,1.00131212031837,499.314270654818,591.529035402913
"graphMoDE-C","unit_log_mean_61_t84","failed",1.05304733015785,1.06838428503991,59.6047598655634,12.5859039300848
"graphMoDE-C","unit_log_mean_91_t84","failed",1.06838240072678,1.06156579864474,47.5529768196876,11.5303103570905
"graphMoDE-C","unit_log_mean_121_t84","failed",1.35644693914661,1.2940523240776,9.32301181152748,29.0297079444253
"graphMoDE-C","unit_log_mean_1_t168","failed",1.31354269173959,1.24441710463568,10.2981586802774,23.0847609280595
"graphMoDE-C","unit_log_mean_31_t168","passed",1.00128946482951,1.00227982211794,680.312763016482,606.1229064828
"graphMoDE-C","unit_log_mean_61_t168","failed",1.01969310699249,1.00461873288435,182.41575699508,443.625651163494
"graphMoDE-C","unit_log_mean_91_t168","failed",1.01655339107456,1.0364922763707,161.173783616189,170.026898514025
"graphMoDE-C","unit_log_mean_121_t168","failed",1.22542395572101,1.1017977571108,13.4991873229352,32.1368634484087
"EucMoDE","log_likelihood","passed",1.00737770389798,1.00396952147185,483.868204056986,529.713904264299
"EucMoDE","Kocc","uninformative-constant-discrete",NA,NA,NA,NA
"EucMoDE","proportion_1","uninformative-constant-discrete",NA,NA,NA,NA
"EucMoDE","proportion_2","uninformative-constant-discrete",NA,NA,NA,NA
"EucMoDE","proportion_3","uninformative-constant-discrete",NA,NA,NA,NA
"EucMoDE","proportion_4","uninformative-constant-discrete",NA,NA,NA,NA
"EucMoDE","proportion_5","uninformative-constant-discrete",NA,NA,NA,NA
"EucMoDE","proportion_6","uninformative-constant-discrete",NA,NA,NA,NA
"EucMoDE","proportion_7","uninformative-constant-discrete",NA,NA,NA,NA
"EucMoDE","proportion_8","uninformative-constant-discrete",NA,NA,NA,NA
"EucMoDE","proportion_9","uninformative-constant-discrete",NA,NA,NA,NA
"EucMoDE","proportion_10","uninformative-constant-discrete",NA,NA,NA,NA
"EucMoDE","guidance_1","passed",1.00324571672514,0.999432261221967,475.618060676375,624.00687903237
"EucMoDE","guidance_2","passed",1.00059060503373,0.999162681999708,494.226811369193,690.77271924874
"EucMoDE","guidance_3","passed",1.00143084948034,0.998925384046801,538.229606592043,820.812533287576
"EucMoDE","guidance_4","passed",1.003043065676,1.00073806130856,481.181648772758,792.199659775302
"EucMoDE","guidance_5","passed",1.00279969566199,0.999801110431803,465.842328837505,789.175373625862
"EucMoDE","guidance_6","passed",1.00452735940993,0.998753499775084,403.434018880108,833.323583135477
"EucMoDE","guidance_7","failed",1.00305751089844,1.0017427971079,382.965812062926,888.448875510904
"EucMoDE","guidance_8","failed",1.00284419974138,1.00056367156258,329.412505141723,571.499664150907
"EucMoDE","guidance_9","passed",1.0017615680127,1.00009399108572,487.597135441058,577.051499247193
"EucMoDE","guidance_10","passed",1.00547447535742,1.00465328862072,495.800094332794,656.771627638614
"EucMoDE","unit_log_mean_1_t1","passed",0.998812106210918,0.999067458395573,661.737436927307,714.725260730159
"EucMoDE","unit_log_mean_31_t1","passed",1.00034347434707,1.00007242795725,464.838188721229,739.863700623144
"EucMoDE","unit_log_mean_61_t1","passed",1.00644401505772,1.0002112570932,526.393701022262,707.844689957426
"EucMoDE","unit_log_mean_91_t1","passed",0.999687173331706,1.00686324271358,623.423747441649,774.657372424544
"EucMoDE","unit_log_mean_121_t1","failed",1.01749179561179,1.00308531972285,402.736778651528,776.072254273662
"EucMoDE","unit_log_mean_1_t84","failed",1.00521455609819,1.01159873650328,451.948851906933,510.05980078701
"EucMoDE","unit_log_mean_31_t84","failed",1.00658386419047,1.0000917381697,393.714184222004,566.246731826656
"EucMoDE","unit_log_mean_61_t84","failed",1.0124277075405,1.00957526920612,420.852694474667,574.79709656136
"EucMoDE","unit_log_mean_91_t84","passed",1.00529799688181,1.00898068341067,521.671947202565,543.227851232069
"EucMoDE","unit_log_mean_121_t84","passed",1.00625466336993,1.00291473584429,488.337624249104,488.726919932402
"EucMoDE","unit_log_mean_1_t168","passed",1.00997062718606,0.997848228533356,563.203323083926,668.439103072603
"EucMoDE","unit_log_mean_31_t168","passed",0.997685308024031,0.999947398509674,593.948008585236,592.459225356345
"EucMoDE","unit_log_mean_61_t168","passed",1.00488466564834,0.998245183729381,527.264986177699,632.985885145202
"EucMoDE","unit_log_mean_91_t168","passed",1.00151835466386,1.00252669422316,487.130229052164,670.077772899693
"EucMoDE","unit_log_mean_121_t168","passed",1.00878784446289,1.00054892309086,512.877392824971,653.253473636005
"MoDE","log_likelihood","failed",1.78053070896374,1.64961722478693,6.0642834112411,12.6342137901171
"MoDE","Kocc","failed",2.56848205861791,1.95504305374522,4.87084234784856,NA
"MoDE","proportion_1","uninformative-constant-discrete",NA,NA,NA,NA
"MoDE","proportion_2","uninformative-constant-discrete",NA,NA,NA,NA
"MoDE","proportion_3","uninformative-constant-discrete",NA,NA,NA,NA
"MoDE","proportion_4","uninformative-constant-discrete",NA,NA,NA,NA
"MoDE","proportion_5","uninformative-constant-discrete",NA,NA,NA,NA
"MoDE","proportion_6","failed",2.22862844873402,2.22862844873402,5.20165255780644,NA
"MoDE","proportion_7","failed",2.11131393064823,3.30012874947574,5.31445685228422,NA
"MoDE","proportion_8","failed",2.19224500773904,2.19224500773904,5.26308183576032,NA
"MoDE","proportion_9","failed",2.54280220366242,2.54280220366242,4.86810141843372,NA
"MoDE","proportion_10","failed",2.18080917220124,2.18080917220124,5.27705124096971,NA
"MoDE","unit_log_mean_1_t1","failed",1.54016912828611,1.54406979543388,7.32429597055859,148.003192938977
"MoDE","unit_log_mean_31_t1","passed",1.00234002054843,1.00110480240739,508.833995588848,754.66696153657
"MoDE","unit_log_mean_61_t1","failed",1.28408374987922,1.31682225248572,11.0855023815801,23.2035168072894
"MoDE","unit_log_mean_91_t1","failed",1.27814404586564,1.31875640735851,11.1225981482536,21.5489999849306
"MoDE","unit_log_mean_121_t1","failed",1.61333651483028,1.582730189973,6.8116089162292,141.502188396466
"MoDE","unit_log_mean_1_t84","failed",1.61415551222332,1.58612617828998,6.83528471579713,118.255193811363
"MoDE","unit_log_mean_31_t84","failed",1.01654854664032,1.00308151411858,470.631873214955,706.295472540218
"MoDE","unit_log_mean_61_t84","failed",1.28759764030284,1.26616429520537,10.9486085048429,22.0326355299615
"MoDE","unit_log_mean_91_t84","failed",1.28914763024822,1.27546837735718,10.8140452287653,23.8595149718736
"MoDE","unit_log_mean_121_t84","failed",1.54716673507852,1.55612747070903,7.22874161198389,103.122526203587
"MoDE","unit_log_mean_1_t168","failed",1.53373121588718,1.08654918676254,7.29642197160972,407.173687613367
"MoDE","unit_log_mean_31_t168","failed",1.01289451326017,1.00118440615496,431.100763998196,593.161852577578
"MoDE","unit_log_mean_61_t168","failed",1.09770943316257,1.01163752954875,27.2416799176519,250.90726959362
"MoDE","unit_log_mean_91_t168","failed",1.18631438260369,1.08622522681127,15.5314031486521,33.8276434461748
"MoDE","unit_log_mean_121_t168","failed",1.40118821988301,1.03388419521275,8.6924932535197,415.462866946045
"PottsMoDE","log_likelihood","failed",1.53919841787485,1.5353376234125,7.42015649529881,37.8560815210423
"PottsMoDE","Kocc","failed-different-chain-constants",NA,NA,NA,NA
"PottsMoDE","proportion_1","uninformative-constant-discrete",NA,NA,NA,NA
"PottsMoDE","proportion_2","uninformative-constant-discrete",NA,NA,NA,NA
"PottsMoDE","proportion_3","uninformative-constant-discrete",NA,NA,NA,NA
"PottsMoDE","proportion_4","uninformative-constant-discrete",NA,NA,NA,NA
"PottsMoDE","proportion_5","uninformative-constant-discrete",NA,NA,NA,NA
"PottsMoDE","proportion_6","failed-different-chain-constants",NA,NA,NA,NA
"PottsMoDE","proportion_7","uninformative-constant-discrete",NA,NA,NA,NA
"PottsMoDE","proportion_8","failed-different-chain-constants",NA,NA,NA,NA
"PottsMoDE","proportion_9","failed-different-chain-constants",NA,NA,NA,NA
"PottsMoDE","proportion_10","failed-different-chain-constants",NA,NA,NA,NA
"PottsMoDE","unit_log_mean_1_t1","passed",0.999772907119068,1.00224890292561,624.416668848814,640.34702054066
"PottsMoDE","unit_log_mean_31_t1","failed",1.01276304972062,1.01311728828511,630.743706768116,685.260131661374
"PottsMoDE","unit_log_mean_61_t1","passed",1.00594906455419,1.00005216853375,657.391119151337,745.78661913754
"PottsMoDE","unit_log_mean_91_t1","failed",1.03937320237935,1.00286790423987,146.84721511551,611.814039519078
"PottsMoDE","unit_log_mean_121_t1","passed",1.00022450303653,1.00267038412638,543.486083643912,673.891677688331
"PottsMoDE","unit_log_mean_1_t84","passed",0.999374853075578,1.00428982970947,503.408958244701,697.841370917345
"PottsMoDE","unit_log_mean_31_t84","failed",1.03049762765687,1.01237899892785,338.915282604497,455.803907389128
"PottsMoDE","unit_log_mean_61_t84","passed",1.00003307370392,1.00025510032964,520.901567577043,457.203038760822
"PottsMoDE","unit_log_mean_91_t84","failed",1.04720071997357,0.997578643633581,143.983827903214,597.852389004593
"PottsMoDE","unit_log_mean_121_t84","passed",1.00606125881593,0.998924236222716,557.675212054632,531.511686593306
"PottsMoDE","unit_log_mean_1_t168","passed",1.00661363506882,0.997393344462574,547.686652204114,662.988298743494
"PottsMoDE","unit_log_mean_31_t168","failed",1.01566329650551,1.00870576038566,480.79223560768,776.929312564844
"PottsMoDE","unit_log_mean_61_t168","passed",1.00710142426281,0.997935909146936,542.940578442614,742.886117098748
"PottsMoDE","unit_log_mean_91_t168","failed",1.0213095718608,1.00363966769485,611.054533928572,676.361060132686
"PottsMoDE","unit_log_mean_121_t168","failed",1.00418403028246,1.00446866900245,354.963551871428,774.592030917706
"graphMoDE-W-reference","log_likelihood","failed",1.33591352935177,1.32783976885459,9.76048195208485,21.841855996011
"graphMoDE-W-reference","Kocc","failed",1.83547011481504,1.83547011481503,5.98503100892951,NA
"graphMoDE-W-reference","proportion_1","uninformative-constant-discrete",NA,NA,NA,NA
"graphMoDE-W-reference","proportion_2","uninformative-constant-discrete",NA,NA,NA,NA
"graphMoDE-W-reference","proportion_3","uninformative-constant-discrete",NA,NA,NA,NA
"graphMoDE-W-reference","proportion_4","uninformative-constant-discrete",NA,NA,NA,NA
"graphMoDE-W-reference","proportion_5","uninformative-constant-discrete",NA,NA,NA,NA
"graphMoDE-W-reference","proportion_6","failed",1.8449086977477,1.8449086977477,5.95699400041312,NA
"graphMoDE-W-reference","proportion_7","failed",1.50181270928511,1.50181270928511,7.91681146025525,NA
"graphMoDE-W-reference","proportion_8","failed",2.3678144440245,2.3678144440245,5.04941635254825,NA
"graphMoDE-W-reference","proportion_9","uninformative-constant-discrete",NA,NA,NA,NA
"graphMoDE-W-reference","proportion_10","failed",2.38381571789074,2.38381571789074,5.03295642773739,NA
"graphMoDE-W-reference","guidance_1","passed",1.00709158330155,1.00078588334192,498.479220112977,767.881841926913
"graphMoDE-W-reference","guidance_2","passed",1.00817364211665,0.999740659776915,578.865624030968,1002.55299835133
"graphMoDE-W-reference","guidance_3","passed",1.00840623498996,0.99850612663907,646.96911469298,963.659249701232
"graphMoDE-W-reference","guidance_4","failed",1.01688443130537,1.00158923250181,374.364498827972,896.759184548932
"graphMoDE-W-reference","guidance_5","failed",1.02359733128991,1.00684329390835,273.617599520702,899.257298955419
"graphMoDE-W-reference","guidance_6","failed",1.02950517645202,1.00595558548364,178.53508141474,842.913639492267
"graphMoDE-W-reference","guidance_7","failed",1.03078691852243,1.00089182760071,174.199052532882,796.329460235545
"graphMoDE-W-reference","guidance_8","failed",1.03956462575595,1.01022088649032,121.301103776895,680.449453207055
"graphMoDE-W-reference","guidance_9","failed",1.04092572458221,1.01203128715078,98.9802350906259,741.166458518292
"graphMoDE-W-reference","guidance_10","failed",1.02326785742025,1.00680285962009,354.289082849801,653.152023401175
"graphMoDE-W-reference","unit_log_mean_1_t1","failed",1.06587705438047,1.10434039585166,42.8883141829561,11.8175153554998
"graphMoDE-W-reference","unit_log_mean_31_t1","passed",1.00202387356252,0.998997251961019,675.091751698891,767.398182808703
"graphMoDE-W-reference","unit_log_mean_61_t1","failed",1.28646433376829,1.28840983633291,11.0769288752678,29.3910920440166
"graphMoDE-W-reference","unit_log_mean_91_t1","failed",1.29166726865277,1.29167810459914,10.7826458732103,20.3117714401047
"graphMoDE-W-reference","unit_log_mean_121_t1","failed",1.09884434138453,1.10385070925475,29.599182016926,11.1913655068262
"graphMoDE-W-reference","unit_log_mean_1_t84","failed",1.11175800209148,1.10528434550461,24.1503647667485,12.2375486136847
"graphMoDE-W-reference","unit_log_mean_31_t84","passed",0.999636813338174,0.997637028693722,486.429604175429,451.436640980066
"graphMoDE-W-reference","unit_log_mean_61_t84","failed",1.28641992918974,1.2991674525133,11.0237084019943,21.8090649327628
"graphMoDE-W-reference","unit_log_mean_91_t84","failed",1.29011675287845,1.28817526584251,10.622973818708,19.5142209878577
"graphMoDE-W-reference","unit_log_mean_121_t84","failed",1.08229395002134,1.10018087823039,34.3519096695796,11.1366648155387
"graphMoDE-W-reference","unit_log_mean_1_t168","failed",1.0885968969557,1.08251869406677,30.8527222473241,12.8640663712361
"graphMoDE-W-reference","unit_log_mean_31_t168","passed",1.00210851384433,1.00563540804039,511.582666316708,787.016052487591
"graphMoDE-W-reference","unit_log_mean_61_t168","failed",1.12843932024909,1.04483824376269,21.5523842802465,55.2477441124265
"graphMoDE-W-reference","unit_log_mean_91_t168","failed",1.16283712005988,1.0622418564616,16.9101272502311,33.9310884632911
"graphMoDE-W-reference","unit_log_mean_121_t168","failed",1.0690115558239,1.07333980745492,42.1222035746511,24.1381995852724
"graphMoDE-W-joint","log_likelihood","passed",0.999668397311154,1.00444540026089,461.689608878007,782.291276350571
"graphMoDE-W-joint","Kocc","uninformative-constant-discrete",NA,NA,NA,NA
"graphMoDE-W-joint","proportion_1","uninformative-constant-discrete",NA,NA,NA,NA
"graphMoDE-W-joint","proportion_2","uninformative-constant-discrete",NA,NA,NA,NA
"graphMoDE-W-joint","proportion_3","uninformative-constant-discrete",NA,NA,NA,NA
"graphMoDE-W-joint","proportion_4","uninformative-constant-discrete",NA,NA,NA,NA
"graphMoDE-W-joint","proportion_5","uninformative-constant-discrete",NA,NA,NA,NA
"graphMoDE-W-joint","proportion_6","uninformative-constant-discrete",NA,NA,NA,NA
"graphMoDE-W-joint","proportion_7","uninformative-constant-discrete",NA,NA,NA,NA
"graphMoDE-W-joint","proportion_8","uninformative-constant-discrete",NA,NA,NA,NA
"graphMoDE-W-joint","proportion_9","uninformative-constant-discrete",NA,NA,NA,NA
"graphMoDE-W-joint","proportion_10","uninformative-constant-discrete",NA,NA,NA,NA
"graphMoDE-W-joint","guidance_1","passed",1.00760525863961,1.00549978806849,456.287290870959,854.521036804643
"graphMoDE-W-joint","guidance_2","passed",1.00549831408175,0.997604436546506,523.446265600543,869.086722119626
"graphMoDE-W-joint","guidance_3","passed",1.00075826436745,0.998329620543927,665.925229693475,931.011426055799
"graphMoDE-W-joint","guidance_4","passed",0.999899969634865,0.999146124929066,766.025789683329,985.196798052126
"graphMoDE-W-joint","guidance_5","passed",1.00306875727922,0.999860619513121,528.434881031855,967.745562253617
"graphMoDE-W-joint","guidance_6","passed",1.00891523255267,1.00103050990296,405.64974736186,844.202829092854
"graphMoDE-W-joint","guidance_7","failed",1.01048622866668,1.00047476982492,347.903714769923,885.782835055251
"graphMoDE-W-joint","guidance_8","failed",1.01691217210207,1.00447585654291,228.955219475371,690.87972323039
"graphMoDE-W-joint","guidance_9","failed",1.02079169803055,1.00288011421751,192.372988514604,688.64797283623
"graphMoDE-W-joint","guidance_10","failed",1.01223991674845,1.00290987858069,361.659684368275,685.824270173068
"graphMoDE-W-joint","unit_log_mean_1_t1","passed",1.0000432578808,1.00134001786127,672.404597527182,778.001789577411
"graphMoDE-W-joint","unit_log_mean_31_t1","passed",1.00719023246095,0.999454442411713,676.083219225578,841.602654068813
"graphMoDE-W-joint","unit_log_mean_61_t1","passed",1.00018725087319,1.00499243969575,593.951682645164,630.58875840643
"graphMoDE-W-joint","unit_log_mean_91_t1","passed",1.00313180585812,0.999885929137658,527.168349269979,783.399511814212
"graphMoDE-W-joint","unit_log_mean_121_t1","passed",1.00528847484845,1.00301849913434,446.726475395826,630.261551658443
"graphMoDE-W-joint","unit_log_mean_1_t84","passed",1.00069323058302,1.00288829268463,495.460865309144,673.616530560833
"graphMoDE-W-joint","unit_log_mean_31_t84","failed",1.01800091606536,1.00427161364082,492.35052484504,441.953923743689
"graphMoDE-W-joint","unit_log_mean_61_t84","passed",1.00661790674981,1.00601891807209,470.890473994519,426.020821819629
"graphMoDE-W-joint","unit_log_mean_91_t84","passed",1.00999046557327,1.00394229351056,520.970893433431,542.548421392213
"graphMoDE-W-joint","unit_log_mean_121_t84","passed",1.00703457662972,1.00776965162182,418.88191583442,574.854401677846
"graphMoDE-W-joint","unit_log_mean_1_t168","passed",1.00298831336159,1.00355402282684,487.434851112829,660.121739508786
"graphMoDE-W-joint","unit_log_mean_31_t168","passed",1.00293470158941,1.00872135229302,554.168767289783,689.614361527684
"graphMoDE-W-joint","unit_log_mean_61_t168","passed",1.0033810921852,1.00112850328618,587.862617749382,691.198653508534
"graphMoDE-W-joint","unit_log_mean_91_t168","failed",1.01940467742748,1.0107969457597,384.637861114397,566.619738600304
"graphMoDE-W-joint","unit_log_mean_121_t168","passed",1.00596661022996,1.00216150455404,576.409694980566,714.362215203749
