"source_file","sha256"
"bdynets-package.R","661265395bf9c823af35f7e0889beaebe1ad727301f859add5eef8ef2a5964dd"
"gmde-classifier.R","0f69dbe7684a27fd9e7bce9e66d71620bf4aa8926da712d2af03797322a12d68"
"gmde-helpers.R","b0adb2967a3602aa9315722e608e7e2790168d23c5fc4872ab43852405559af0"
"gmde-heterogeneous.R","b68b2cd5db621b2bbef1dc8ae0a7d4cb6c8f3290df5a7971a7357fd65799433d"
"gmde-mcmc.R","1717005354ba09cc2bb8eb3ae8106dd9df2c60a318dedd3bfc6bba3438214e92"
"gmde-road-benchmark.R","0d9ea04a3c77a7857779c2b3664b190999829dd003f6a53343c3324685b5d4a1"
"gmde-road-calibration.R","75621941d3857abbed43ecaadd2a1504e651783fe2458a9635c0a3982cbb8a46"
"gmde-road-conditional-allocation-diagnostic.R","5d56edcaecef165609202c4ea8057e7d667880b885bf734257e8caa62f38319a"
"gmde-road-design.R","67c3104d6cbc468192dd9f38f678f17a8f3635714c620cd1b4112267629ae0f3"
"gmde-road-k6-diagnostic.R","e9728e4340148cb927b0d2873db6f346da61763b9ac9dfbdb4b1665e134f197e"
"gmde-road-partition-diagnostic.R","cdd9988209934ac5a3844d3f6261ff316bba2d4ffb208dfb929298e37f286ef5"
"gmde-road-stability.R","3a4f4093411ae75b6242e0d92516dca19a8ff2320cebcc1b8141470c2c3b5f96"
"gmde-road-targeted-stability.R","175655333fd8135f8c736f1c4e8dd704d6061aad149d7bf6d1d798b2befa240c"
"gmde-simulation-design.R","61ece6275dc0bd5c70857596fb7ee4cb4da236380e61ed52a41b4bd41fd0c146"
"gmde-simulation-runner.R","550daaa39d989333a3ad8a7798ab1d7853cd5536acea295ab3069dec6a894ca9"
"gmde-state-update.R","ad9c26d3e868c582359e1297bda655d81e56205cc9de70b614a874575ae2c2a1"
