"rule_id","fixed_definition","interpretation_limit"
"passive-pre-draw","summaries are computed from p(Z_i=k | theta,gamma,Y) immediately before the existing categorical draw and must leave .Random.seed unchanged","the diagnostic is deterministic and consumes no RNG"
"scientific-trace-identity","SHA-256 of the frozen scientific field list must equal the reviewed K10 fingerprint separately for all 12 tasks","any mismatch invalidates the reconstructed task"
"component-label-scope","component columns refer to the allocation step's pre-relabel, iteration-local labels; they must not be aligned componentwise with relabeled fit$size or fit$Z","only label-invariant totals and event totals may be compared after relabeling"
"occupancy-activity","expected occupancy births+deaths per 1000: <1 near-deterministic; <10 sparse; <50 active; otherwise high; method-level low or mobile requires at least 3 of four late chains","activity is conditional, not realized joint-chain mixing"
"substantive-boundary-churn","flag when expected occupancy crossings per 1000 <10 and expected substantive threshold crossings per 1000 >=50 in at least 2 of four late chains","a threshold-boundary mechanism flag, not a target revision"
"conditioning-separation","flag when the four-chain late range of conditional mean Kocc or Ksub is >=0.5 and its late/middle range ratio is >=0.75","a conditioning-state flag, not proof of a posterior mode"
"calibration-z","martingale-residual descriptive alert when |z| >4; persistent when middle and late have the same sign and both exceed the limit","descriptive sequential calibration screen, not an iid test"
"observed-expected-ratio","descriptive alert only when conditional expected total >=10 and observed/expected lies outside [0.5,2]","descriptive discrepancy only; thresholds are not retuned"
"interpretation-limit","diagnoses one allocation update conditional on the current theta and gamma; it is not a convergence proof, does not change the K10 target, and cannot authorize a formal run","all method labels require human review"
