"location_id","road_vertex_id","longitude","latitude","cell_id","center_road_distance_km","ring_label"
1,"9104783423",116.3104837,39.8359988,1,15.0559708389661,5
2,"9104783432",116.3127698,39.836071,1,14.7101461045093,5
3,"9534648061",116.3057586,39.8524511,1,14.6556364816062,5
4,"9643487223",116.2909353,39.8387548,1,16.1962479365931,5
5,"5190540103",116.3680246,39.8322233,2,10.9056768729236,3
6,"605350604",116.3391477,39.8284262,2,14.0573318189004,5
7,"605967055",116.3651753,39.8444742,2,9.5653247000427,3
8,"9449967660",116.3317315,39.8469143,2,11.9856616867749,4
9,"13668716152",116.3910113,39.8322913,3,10.5333371135966,3
10,"2738796175",116.4199339,39.8315581,3,11.7573524096087,4
11,"4585803094",116.3987293,39.8509248,3,7.77001398926136,2
12,"4724379704",116.3856001,39.8438073,3,8.99823596649108,3
13,"11293336703",116.4368977,39.8269119,4,12.5965548616998,4
14,"1836427238",116.4635452,39.8458382,4,11.465528750252,4
15,"1836427269",116.4632341,39.8462114,4,11.4154267214463,4
16,"6008389398",116.4235917,39.8463224,4,8.90247077469991,2
17,"1765245317",116.4734084,39.8425456,5,12.9437279443576,4
18,"331010424",116.4784358,39.8471906,5,11.9623084595666,4
19,"3643528852",116.5075044,39.8199751,5,16.3684369279034,5
20,"701841258",116.4912028,39.8358023,5,13.6806461590834,5
21,"11205369560",116.2851568,39.8644344,6,13.6048670290892,5
22,"2048161749",116.3200881,39.8894746,6,8.51513977367101,2
23,"337491284",116.3055021,39.867223,6,12.9776022401434,4
24,"7228973645",116.3038122,39.8827459,6,11.3208994664349,3
25,"10614006595",116.3441469,39.8765006,7,7.9148643294702,2
26,"1532469783",116.3668063,39.8608336,7,8.67036036786622,2
27,"287963839",116.3415735,39.8676116,7,10.4909839250024,3
28,"9015750644",116.3610118,39.8879839,7,5.50251476572282,1
29,"1583217872",116.3913846,39.8777215,8,4.64190140049051,1
30,"2515879233",116.414508,39.8697361,8,5.92102109331531,1
31,"322444657",116.4129126,39.8874722,8,3.90241446129958,1
32,"4724057647",116.3942792,39.869357,8,6.9029481094413,2
33,"13047762338",116.4563696,39.8721278,9,8.99349560127581,3
34,"1634854102",116.4554362,39.8869057,9,7.54214854380503,2
35,"289272254",116.4335782,39.8690397,9,7.00033503495109,2
36,"9724956421",116.4499709,39.879138,9,7.52547100666913,2
37,"4049936341",116.4719975,39.8792263,10,9.47738456377903,3
38,"6584058581",116.4956011,39.8699661,10,12.0107604694074,4
39,"6780238191",116.4974031,39.8814581,10,11.3799771069492,4
40,"8066838103",116.4844506,39.8808542,10,10.4409294278923,3
41,"10931643405",116.2914668,39.9212622,11,11.2247035028892,3
42,"2891549445",116.3227436,39.9076732,11,6.83217037050618,2
43,"6489737406",116.2915352,39.9206495,11,10.7023596612276,3
44,"9507058568",116.3039936,39.8944459,11,10.4238870320008,3
45,"1419861925",116.3503717,39.9145814,12,6.79886179800657,2
46,"529689716",116.3282751,39.9063719,12,6.21309569608367,1
47,"754515487",116.3436895,39.8959727,12,6.29437922304496,1
48,"9007658046",116.3444681,39.8968731,12,6.62584369728082,2
49,"1622356607",116.4039761,39.8912302,13,3.11202514435879,1
50,"322120245",116.4005992,39.8981318,13,1.54419004661381,1
51,"5077446356",116.3745383,39.9172985,13,3.46069642747643,1
52,"733860100",116.4070765,39.9068048,13,1.60140954532443,1
53,"1300406476",116.4296166,39.9084808,14,3.47078682414344,1
54,"3581002156",116.4455107,39.9235119,14,6.04007947048294,1
55,"6137240779",116.4321624,39.9015149,14,4.45425945796019,1
56,"72846241",116.4300118,39.9011188,14,3.88762443456061,1
57,"12248263838",116.4993051,39.9204833,15,11.5858660563452,4
58,"12438176403",116.5042507,39.920883,15,12.3502278943318,4
59,"245154210",116.4845716,39.9047028,15,8.2768687353933,2
60,"3017431195",116.4789964,39.9224549,15,9.22378509175972,3
61,"10032701331",116.3269975,39.9356,16,9.5622251808347,3
62,"537974211",116.2905622,39.95477,16,13.3789848940822,5
63,"5718343692",116.2942079,39.9488851,16,12.9650043331387,4
64,"978266051",116.3014018,39.9379435,16,11.6852230516611,4
65,"13332496803",116.3490717,39.936271,17,7.97611302821285,2
66,"13333159911",116.348266,39.9394734,17,8.09766241085359,2
67,"9915923567",116.3492858,39.9421269,17,7.98173244713003,2
68,"9920025750",116.352787,39.9434789,17,8.36170067549288,2
69,"13961784490",116.4027063,39.9312204,18,3.06396845920474,1
70,"1976297662",116.3876113,39.9451202,18,4.60823732935241,1
71,"528858162",116.3955707,39.9571393,18,6.52988031024619,1
72,"5588104240",116.4074822,39.9273345,18,2.92022634219389,1
73,"10048650728",116.4274632,39.9328861,19,5.47963334778419,1
74,"3060618562",116.4675645,39.9296279,19,8.76113125541385,2
75,"3608688067",116.4608366,39.929622,19,7.92020653134072,2
76,"6001342173",116.4237218,39.9338337,19,5.01245594889554,1
77,"10676259827",116.5084633,39.9461567,20,13.1792310962751,4
78,"1918810104",116.4784687,39.9551453,20,11.4091202637647,4
79,"703216537",116.5038212,39.9300871,20,12.2954464861331,4
80,"9689238067",116.5109692,39.9462326,20,13.2976373151377,4
81,"10076201472",116.312016,39.9745968,21,13.3655319477626,5
82,"1293134719",116.2923034,39.9822557,21,16.4077929087,5
83,"9156861083",116.3156461,39.9912776,21,14.8503427134662,5
84,"9676941928",116.2941711,39.9868394,21,16.2424518364915,5
85,"11879353636",116.3592601,39.9855897,22,10.7963327251169,3
86,"12466843437",116.348199,39.9739722,22,10.5608107175727,3
87,"6161608791",116.3497187,39.9802405,22,11.4772189743181,4
88,"9620643059",116.3629521,39.9904725,22,11.2179256688371,3
89,"10147123357",116.4185445,39.9755626,23,9.83817875639394,3
90,"11251376206",116.4106239,39.9945621,23,10.7447605706689,3
91,"530646783",116.4152074,39.9876562,23,10.4277148750458,3
92,"9848150121",116.4135869,39.9676129,23,8.12669078528386,2
93,"11281011671",116.4241695,39.9943175,24,11.7185175314392,4
94,"11386809651",116.4621641,39.9958642,24,14.4893740498265,5
95,"11387277553",116.4621409,39.9946624,24,14.3519859767277,5
96,"12640803817",116.4585877,39.9854494,24,13.39959189139,5
97,"10713032191",116.4823938,39.9982302,25,15.0545083928249,5
98,"12353238050",116.4830183,39.9915035,25,14.5426855445083,5
99,"12965549700",116.4773764,39.9940636,25,14.2902513131112,5
100,"76456805",116.4834329,39.9865436,25,13.5381856434698,5
