"edge_id","from_location_id","to_location_id","from_road_vertex_id","to_road_vertex_id","road_distance_km","weight"
1,1,2,"9104783423","9104783432",0.871038961267873,0.799740997954613
2,1,3,"9104783423","9534648061",4.882990271311,0.142859837213864
3,2,3,"9104783432","9534648061",4.86583554535901,0.286979923760446
4,1,4,"9104783423","9643487223",2.27047476836607,0.558502421277198
5,2,4,"9104783432","9643487223",2.37025680509695,0.544386573524663
6,3,4,"9534648061","9643487223",4.83295071590044,0.28941132655596
7,5,6,"5190540103","605350604",3.87942373540171,0.184810624121935
8,5,7,"5190540103","605967055",1.71833520741298,0.643493433706381
9,6,7,"605350604","605967055",4.57421505936721,0.154637101318773
10,1,8,"9104783423","9449967660",3.35810765058145,0.422514536664138
11,2,8,"9104783432","9449967660",3.01228291612468,0.461714209525751
12,3,8,"9534648061","9449967660",4.48759403355359,0.158112047643093
13,4,8,"9643487223","9449967660",4.55320740558994,0.155472778641441
14,6,8,"605350604","9449967660",5.3692914130846,0.126103392040564
15,7,8,"605967055","9449967660",3.94591183307858,0.181684914828422
16,5,9,"5190540103","13668716152",2.92547253287356,0.472112610971246
17,6,9,"605350604","13668716152",6.07282721528468,0.105278389036445
18,7,9,"605967055","13668716152",3.65838201005754,0.391187767691838
19,9,11,"13668716152","4585803094",4.0637404654634,0.176274898768231
20,10,11,"2738796175","4585803094",5.46564757634189,0.123024277372753
21,5,12,"5190540103","4724379704",3.09801709160469,0.451669526070935
22,7,12,"605967055","4724379704",2.33821934106436,0.548879487123386
23,9,12,"13668716152","4724379704",2.3498226075995,0.547247985446015
24,11,12,"4585803094","4724379704",2.56097152597474,0.518391754893351
25,10,13,"2738796175","11293336703",4.5675114954848,0.309806555342609
26,13,14,"11293336703","1836427238",5.81986696826635,0.112337281528493
27,13,15,"11293336703","1836427269",5.86996899707203,0.110902560205133
28,14,15,"1836427238","1836427269",0.0501020288056797,0.98722844897225
29,10,16,"2738796175","6008389398",3.65482867208227,0.391544544210711
30,11,16,"4585803094","6008389398",2.94905912467904,0.469264388142755
31,13,16,"11293336703","6008389398",4.00223645907381,0.17907840332125
32,14,17,"1836427238","1765245317",2.74073143238769,0.495027521060039
33,15,17,"1836427269","1765245317",2.79083346119337,0.48870525181468
34,14,18,"1836427238","331010424",2.81515269052146,0.485665632387664
35,15,18,"1836427269","331010424",2.86525471932713,0.4794629289812
36,17,18,"1765245317","331010424",1.59208391683418,0.664677477311755
37,14,19,"1836427238","3643528852",6.42818402501322,0.0961049125189636
38,17,19,"1765245317","3643528852",5.63410896384555,0.117820525589363
39,18,19,"331010424","3643528852",4.4061284683368,0.16145139713947
40,14,20,"1836427238","701841258",4.10823254553058,0.174274238206452
41,17,20,"1765245317","701841258",3.03250559529721,0.459324955480919
42,18,20,"331010424","701841258",1.71833769951678,0.643493022285227
43,19,20,"3643528852","701841258",2.758939535738,0.492720473270956
44,4,21,"9643487223","11205369560",4.84602365175973,0.144221148438805
45,3,23,"9534648061","337491284",4.3186135449901,0.330234668094967
46,8,23,"9449967660","337491284",4.35587606277876,0.163546366751002
47,21,23,"11205369560","337491284",4.11113803495418,0.348288761346987
48,21,24,"11205369560","7228973645",3.7292043648433,0.384144201173529
49,22,24,"2048161749","7228973645",3.12198374696609,0.448900862161796
50,23,24,"337491284","7228973645",4.80421655344679,0.291552699600608
51,22,25,"2048161749","10614006595",3.74733771244788,0.191180625992453
52,5,26,"5190540103","1532469783",3.64765894194882,0.392265419237806
53,7,26,"605967055","1532469783",1.97094731737263,0.603112360982371
54,12,26,"4724379704","1532469783",4.09948821050894,0.1746656408248
55,25,26,"10614006595","1532469783",4.12464139611293,0.173542132062084
56,7,27,"605967055","287963839",5.0980765157035,0.135190249732541
57,8,27,"9449967660","287963839",3.5741160458072,0.399736798055995
58,25,27,"10614006595","287963839",3.88876571658379,0.368736434026562
59,26,27,"1532469783","287963839",4.21225175558356,0.169684993009236
60,22,28,"2048161749","9015750644",3.81811081453643,0.187740678303675
61,25,28,"10614006595","9015750644",2.76238177702744,0.492285535949454
62,11,29,"4585803094","1583217872",3.7747038011883,0.189843077748728
63,16,30,"6008389398","2515879233",3.80323098597379,0.188458740452732
64,29,31,"1583217872","322444657",3.56032211637737,0.200576960160295
65,30,31,"2515879233","322444657",2.70858185924458,0.499127421770485
66,11,32,"4585803094","4724057647",3.36529453085087,0.421736216543551
67,29,32,"1583217872","4724057647",2.90763792136824,0.474277719667561
68,30,32,"2515879233","4724057647",2.98548764385821,0.464899151587046
69,14,33,"1836427238","13047762338",3.68565295087436,0.194230200517882
70,15,33,"1836427269","13047762338",3.63555092206868,0.196742912666348
71,33,34,"13047762338","1634854102",2.3126704347077,0.552489011043951
72,10,35,"2738796175","289272254",6.16305796450129,0.102869297660258
73,16,35,"6008389398","289272254",3.42231632085906,0.415611507536154
74,30,35,"2515879233","289272254",1.95836653938446,0.605062130595907
75,32,35,"4724057647","289272254",4.04254039652924,0.177236258311167
76,33,35,"13047762338","289272254",2.89249057922666,0.476124391799522
77,33,36,"13047762338","9724956421",1.85827365012679,0.620800791746533
78,34,36,"1634854102","9724956421",1.75420237876683,0.637599284303888
79,35,36,"289272254","9724956421",2.89371337036729,0.475975050094704
80,33,37,"13047762338","4049936341",2.37657436040447,0.543504954270514
81,34,37,"1634854102","4049936341",2.42859768072027,0.536299139338098
82,36,37,"9724956421","4049936341",2.80797506492828,0.486560779896202
83,18,38,"331010424","6584058581",4.48142082419434,0.158362656509434
84,37,38,"4049936341","6584058581",3.0922866805538,0.226167018672864
85,34,39,"1634854102","6780238191",4.42698214076257,0.160589928185375
86,37,39,"4049936341","6780238191",3.13841241513938,0.22350640412195
87,38,39,"6584058581","6780238191",1.48395512035169,0.683374247509089
88,34,40,"1634854102","8066838103",3.53159867565067,0.40412097240122
89,37,40,"4049936341","8066838103",2.24302895002749,0.562448880775375
90,38,40,"6584058581","8066838103",3.17279813267315,0.443086717271655
91,39,40,"6780238191","8066838103",2.7089670217851,0.499078103194793
92,22,42,"2048161749","2891549445",3.30691339432597,0.428100454477854
93,41,42,"10931643405","2891549445",4.44190683309697,0.159976209966422
94,41,43,"10931643405","6489737406",1.00608818866249,0.772506702517416
95,42,43,"2891549445","6489737406",4.44136421185743,0.159998481951769
96,21,44,"11205369560","9507058568",5.16029550727187,0.133049414431509
97,22,44,"2048161749","9507058568",3.03481482178268,0.459052914431521
98,24,44,"7228973645","9507058568",2.98943695984234,0.464428350832937
99,42,44,"2891549445","9507058568",4.6990683284841,0.149762342245994
100,22,46,"2048161749","529689716",2.74838967271184,0.49405587459159
101,42,46,"2891549445","529689716",0.670575239199572,0.841947299316659
102,44,46,"9507058568","529689716",4.60557635943641,0.153397910147075
103,45,46,"1419861925","529689716",4.10806204069299,0.174281861732825
104,25,47,"10614006595","754515487",3.52677570206317,0.404621319627833
105,28,47,"9015750644","754515487",2.55128398950853,0.519681749061985
106,42,47,"2891549445","754515487",3.85363377303637,0.186037474765892
107,46,47,"529689716","754515487",3.23975791327184,0.435540065793838
108,28,48,"9015750644","9007658046",4.30428401091414,0.16572546874912
109,42,48,"2891549445","9007658046",3.43199615246635,0.414580664059212
110,45,48,"1419861925","9007658046",4.3510287015305,0.163749880085462
111,46,48,"529689716","9007658046",2.81292147804384,0.485943718383106
112,47,48,"754515487","9007658046",2.7692484655683,0.491419056135164
113,28,49,"9015750644","1622356607",4.23898929253677,0.168525007259964
114,29,49,"1583217872","1622356607",2.88161286623507,0.477454970820153
115,30,49,"2515879233","1622356607",3.37634712605042,0.210271023376422
116,31,49,"322444657","1622356607",1.60325327855617,0.66277555078627
117,29,50,"1583217872","322120245",3.45240945540794,0.206207572249861
118,31,50,"322444657","322120245",2.39049649821776,0.541567147012277
119,49,50,"1622356607","322120245",1.58229718041289,0.666348455169052
120,50,51,"322120245","5077446356",4.25473714641693,0.167845513883068
121,31,52,"322444657","733860100",2.91367647124471,0.236771767315938
122,49,52,"1622356607","733860100",2.6670000134846,0.504480582396756
123,50,52,"322120245","733860100",1.92072264690345,0.610933911257051
124,51,52,"5077446356","733860100",4.42905177656496,0.160504682295509
125,50,53,"322120245","1300406476",3.5448037160416,0.201377106307858
126,52,53,"733860100","1300406476",2.45965686766978,0.532042718667224
127,50,55,"322120245","6137240779",3.90690498654161,0.183512220041244
128,52,55,"733860100","6137240779",3.44312950148654,0.206699095453717
129,53,55,"1300406476","6137240779",1.89128557885027,0.615565246899563
130,50,56,"322120245","72846241",2.94247533004452,0.470057687707121
131,52,56,"733860100","72846241",2.88584257045054,0.47693714546361
132,53,56,"1300406476","72846241",2.25215931414283,0.561132931608154
133,55,56,"6137240779","72846241",2.46930408970686,0.530727530311669
134,57,58,"12248263838","12438176403",3.41480225980831,0.41641347632453
135,40,59,"8066838103","245154210",4.39751705331766,0.161808483009404
136,57,59,"12248263838","245154210",4.60967518935097,0.153236686951346
137,57,60,"12248263838","3017431195",3.58265798363095,0.398861751291656
138,59,60,"245154210","3017431195",3.10329919378374,0.451057866371776
139,41,63,"10931643405","5718343692",4.48896828458737,0.158056312260277
140,43,63,"6489737406","5718343692",4.48842566334782,0.316156633912593
141,61,63,"10032701331","5718343692",4.28518470576885,0.166539512570593
142,62,63,"537974211","5718343692",0.875990290246366,0.798725750649964
143,41,64,"10931643405","978266051",3.1843015758543,0.441780990234731
144,43,64,"6489737406","978266051",3.18375895461476,0.441842495253154
145,61,64,"10032701331","978266051",3.26733931850108,0.216234513277401
146,62,64,"537974211","978266051",2.79622016449914,0.488030340802068
147,63,64,"5718343692","978266051",2.69505908463721,0.50086205362414
148,45,65,"1419861925","13332496803",4.59725603082533,0.153725703420562
149,61,65,"10032701331","13332496803",2.83464981341819,0.483242379800353
150,45,66,"1419861925","13333159911",4.665263701959,0.151066829627465
151,61,66,"10032701331","13333159911",2.89383238261305,0.475960517414449
152,65,66,"13332496803","13333159911",1.04194569135874,0.765432740453782
153,61,67,"10032701331","9915923567",3.94699286913522,0.363269065672462
154,65,67,"13332496803","9915923567",1.87670900069283,0.617871561233157
155,66,67,"13333159911","9915923567",1.60101101717423,0.663156927478835
156,65,68,"13332496803","9920025750",2.57837453267889,0.51608240506058
157,66,68,"13333159911","9920025750",2.31357014708156,0.552361498260519
158,67,68,"9915923567","9920025750",2.16823375983163,0.573345874940299
159,51,69,"5077446356","13961784490",4.02592566702349,0.177993349668336
160,68,70,"9920025750","1976297662",4.08560126886842,0.17528903748162
161,69,70,"13961784490","1976297662",3.03611408142365,0.458899924507969
162,69,71,"13961784490","528858162",3.8842406000994,0.184582380015364
163,70,71,"1976297662","528858162",2.21941593602805,0.565866527191955
164,51,72,"5077446356","5588104240",3.88218355001264,0.184679817535085
165,52,72,"733860100","5588104240",3.1153888009144,0.224830511639105
166,69,72,"13961784490","5588104240",0.919284733863846,0.789903148998769
167,70,72,"1976297662","5588104240",3.53207866117717,0.202035605689033
168,71,72,"528858162","5588104240",4.38519658490529,0.162320744331644
169,54,73,"3581002156","10048650728",3.04050127867811,0.458383701602405
170,69,73,"13961784490","10048650728",2.83990090447933,0.482591803003313
171,72,73,"5588104240","10048650728",2.58382510409186,0.515361241154337
172,54,74,"3581002156","3060618562",3.35568616601785,0.422777100420749
173,59,74,"245154210","3060618562",4.30541861115407,0.331354471241632
174,60,74,"3017431195","3060618562",1.97674166421625,0.602216467316309
175,54,75,"3581002156","3608688067",2.40185230804416,0.539991661345376
176,60,75,"3017431195","3608688067",2.54298837508341,0.520788945706787
177,73,75,"10048650728","3608688067",3.70236627816604,0.193399153827007
178,74,75,"3060618562","3608688067",1.19118761998383,0.736679506240064
179,54,76,"3581002156","6001342173",3.20298648320938,0.439668309032086
180,69,76,"13961784490","6001342173",2.37272350559068,0.544042173698041
181,72,76,"5588104240","6001342173",2.11664770520321,0.580984277255536
182,73,76,"10048650728","6001342173",0.630556323442587,0.850636064998641
183,57,77,"12248263838","10676259827",4.38562764578362,0.324605588607252
184,58,77,"12438176403","10676259827",4.48178027941781,0.31669610621341
185,74,78,"3060618562","1918810104",4.52437139315962,0.156627224341166
186,75,78,"3608688067","1918810104",4.51656541542612,0.156941207251694
187,77,78,"10676259827","1918810104",4.58579485586735,0.154178382887828
188,57,79,"12248263838","703216537",2.70462979373143,0.499633750141135
189,58,79,"12438176403","703216537",3.10700215034574,0.450629563373756
190,77,79,"10676259827","703216537",2.56591305157058,0.517734974192685
191,57,80,"12248263838","9689238067",4.40210921591857,0.16161796358946
192,58,80,"12438176403","9689238067",4.49826184955277,0.31535981855723
193,77,80,"10676259827","9689238067",0.259426450601294,0.935610011103272
194,78,80,"1918810104","9689238067",4.81425014694907,0.14540158289294
195,79,80,"703216537","9689238067",2.58239462170553,0.515550410373892
196,62,81,"537974211","10076201472",4.03566645037319,0.355098190763548
197,62,82,"537974211","1293134719",3.83849631968438,0.373522732072799
198,81,82,"10076201472","1293134719",3.84790707435266,0.372622003718297
199,81,83,"10076201472","9156861083",2.99903050818299,0.463286681968309
200,82,83,"1293134719","9156861083",4.35199739720144,0.163709189785187
201,62,84,"537974211","9676941928",4.87460668201344,0.143167435411439
202,81,84,"10076201472","9676941928",3.61396620786647,0.395670842923275
203,82,84,"1293134719","9676941928",2.82067870856556,0.484977584977837
204,83,84,"9156861083","9676941928",3.19245642152184,0.440857685514766
205,83,85,"9156861083","11879353636",4.72499757719711,0.148769396871302
206,68,86,"9920025750","12466843437",3.965117630663,0.361583801864509
207,85,86,"11879353636","12466843437",2.61370776822449,0.511425342691294
208,83,87,"9156861083","6161608791",4.34591321606007,0.327929850190775
209,85,87,"11879353636","6161608791",1.89921835990297,0.614313737221132
210,86,87,"12466843437","6161608791",2.47069526408486,0.530538142425404
211,83,88,"9156861083","9620643059",4.27107040560159,0.334287310977759
212,85,88,"11879353636","9620643059",1.67118115669183,0.651325371370245
213,86,88,"12466843437","9620643059",3.37990286172415,0.420158589171243
214,87,88,"6161608791","9620643059",2.65093153346594,0.506564551325221
215,89,90,"10147123357","11251376206",3.47620825347436,0.409904755695491
216,89,91,"10147123357","530646783",2.3724105572667,0.544085855358767
217,90,91,"11251376206","530646783",1.38562115646418,0.700833608201439
218,71,92,"528858162","9848150121",3.04569891652837,0.45777286905904
219,89,92,"10147123357","9848150121",2.01317877110924,0.596613156617071
220,90,92,"11251376206","9848150121",3.65028113994897,0.392001618538828
221,91,92,"530646783","9848150121",3.25207479398572,0.434165962538122
222,89,93,"10147123357","11281011671",3.17021164779457,0.443380833701034
223,90,93,"11251376206","11281011671",1.63565496687796,0.657288906667686
224,91,93,"530646783","11281011671",1.46849315917242,0.686090445121078
225,93,94,"11281011671","11386809651",3.95473933387686,0.181273915170517
226,94,95,"11386809651","11387277553",0.53624617241803,0.871468657834966
227,94,96,"11386809651","12640803817",2.07286072771634,0.587547656514546
228,95,96,"11387277553","12640803817",1.84909295608992,0.622264706676699
229,94,97,"11386809651","10713032191",2.25834689610567,0.560242873073134
230,95,97,"11387277553","10713032191",2.46893600028919,0.265388825784923
231,94,98,"11386809651","12353238050",2.51475738828846,0.262287287201799
232,97,98,"10713032191","12353238050",1.00109162898022,0.773497598874811
233,94,99,"11386809651","12965549700",1.79948226052207,0.630235356396881
234,95,99,"11387277553","12965549700",1.93608720303794,0.304265230641741
235,96,99,"12640803817","12965549700",2.58080678249495,0.257880235010159
236,97,99,"10713032191","12965549700",1.37211133547908,0.703266898192659
237,98,99,"12353238050","12965549700",1.15773748095451,0.743028689393919
238,94,100,"11386809651","76456805",2.49710325648399,0.263477936864938
239,96,100,"12640803817","76456805",3.09529944285689,0.225992274451696
240,97,100,"10713032191","76456805",1.92373607122564,0.610461779552347
241,98,100,"12353238050","76456805",1.34579332647329,0.708031391384158
242,99,100,"12965549700","76456805",1.25287760270507,0.72511205842269
